Extraction ID,Sample,Species,Locality,Fresh_Museum,DNA_concentration,Coverage (X),Coverage_priordupes,Coverage_postdupes,Raw_Reads,Retained_Reads,% retained,% of Library,Filtered out?,,,,,,,,,,,
ISB1,WP.GuamB1,T. bidentata,Guam,F,3.46,10.53,9.443,9.443,835992,123716,0.147987062,0.000825739,,,,,,,,,,,,
ISB5,WP.GuamB10,T. bidentata,Guam,F,23.6,12.28,11.397,11.397,1893368,413041,0.218151463,0.001870147,,,,,,,,,,,,
ISB8,WP.GuamB11,T. bidentata,Guam,F,31.8,12.56,11.637,11.637,1978864,473218,0.239136191,0.001954594,,,,,,,,,,,,
ISB9,WP.GuamB12,T. formosa,Guam,F,32.6,14.1,13.396,13.396,2312206,712370,0.308091061,0.002283848,,,,,,,,,,,,
R24,WP.GuamB13_R,T. rufopunctata,Guam,F,6.86,16.22,16.085,16.085,5920624,1944488,0.328426193,0.00584801,,,,,,,,,,,,
R29,WP.GuamB14_R,T. rufopunctata,Guam,F,28.6,17.74,16.434,16.434,7383406,1702051,0.230523826,0.007292851,,,,,,,,,,,,
ISB10,WP.GuamB2_L,T. lutea,Guam,F,28.6,14.39,13.75,13.75,6127780,2920148,0.476542565,0.006052625,,,,,,,,,,,,
ISB11,WP.GuamB3,T. lutea,Guam,F,6.52,15.1,14.481,14.481,6053566,3220754,0.532042436,0.005979321,,,,,,,,,,,,
ISB12,WP.GuamB4,T. bidentata,Guam,F,10.6,14.41,13.445,13.445,5699796,1480656,0.259773508,0.00562989,,,,,,,,,,,,
ISB13,WP.GuamB5,T. bidentata,Guam,F,12.8,13.57,12.838,12.838,4665628,1378948,0.295554639,0.004608406,,,,,,,,,,,,
ISB17,WP.GuamB6,T. lutea,Guam,F,59.4,16.77,15.873,15.873,5022694,2438336,0.485463777,0.004961093,,,,,,,,,,,,
ISB19,WP.GuamB7,T. bidentata,Guam,F,39.8,13.81,12.778,12.778,3479054,618486,0.177774188,0.003436385,,,,,,,,,,,,
ISB20,WP.GuamB8,T. bidentata,Guam,F,6.72,13.83,12.945,12.945,6075114,1844106,0.287113241,0.006000605,,,,,,,,,,,,
ISB21,WP.GuamB9,T. bidentata,Guam,F,16.5,16.15,15.295,15.295,6660050,1529681,0.229680108,0.006578367,,,,,,,,,,,,
ISCL1,WP.GuamC1_L,T. lutea,Guam,F,3.62,19.12,18.109,18.109,4788366,2169137,0.453001504,0.004729638,,,,,,,,,,,,
ISCL11,WP.GuamC2,T. bidentata,Guam,F,10.4,16.96,15.919,15.919,5863864,1683593,0.287113241,0.005791946,,,,,,,,,,,,
ISCL3,WP.GuamC3,T. lutea,Guam,F,13.9,17.3,16.501,16.501,6653098,2894255,0.435023654,0.0065715,,,,,,,,,,,,
ISCL6,WP.GuamC4,T. bidentata,Guam,F,21,16.46,15.349,15.349,6543846,2033932,0.310815994,0.006463588,,,,,,,,,,,,
ISCL7,WP.GuamC5,T. bidentata,Guam,F,63.8,15.69,14.59,14.59,7297110,1700500,0.233037463,0.007207614,,,,,,,,,,,,
ISLO1,WP.GuamL1,T. lutea,Guam,F,46,14.66,13.864,13.864,5985082,2598201,0.434112849,0.005911677,,,,,,,,,,,,
ISL17,WP.GuamL10,T. bidentata,Guam,F,12.8,13.94,12.816,12.816,6192842,1532477,0.247459406,0.006116889,,,,,,,,,,,,
ISL18,WP.GuamL11,T. bidentata,Guam,F,81,13.91,13.21,13.21,6172358,2012181,0.325998751,0.006096656,,,,,,,,,,,,
ISL19,WP.GuamL12,T. bidentata,Guam,F,64.8,12.67,11.678,11.678,3444004,621420,0.180435331,0.003401765,,,,,,,,,,,,
ISL2,WP.GuamL13,T. bidentata,Guam,F,39.8,12.5,11.54,11.54,2778254,547756,0.197158359,0.00274418,,,,,,,,,,,,
ISL20,WP.GuamL14,T. bidentata,Guam,F,99,13.09,12.253,12.253,5221200,1562348,0.299231594,0.005157164,,,,,,,,,,,,
ISL21,WP.GuamL15,T. bidentata,Guam,F,32.6,14.71,13.823,13.823,7022346,1730817,0.24647276,0.00693622,,,,,,,,,,,,
ISL3,WP.GuamL16,T. bidentata,Guam,F,12.7,17.46,16.512,16.512,5166764,1727234,0.334297057,0.005103396,,,,,,,,,,,,
ISL4,WP.GuamL17,T. bidentata,Guam,F,3.12,17.1,16.029,16.029,6028218,1752784,0.290763207,0.005954284,,,,,,,,,,,,
ISL6,WP.GuamL18,T. bidentata,Guam,F,8.64,14.98,14.298,14.298,6530498,2145010,0.328460402,0.006450404,x,,,,,,,,,,,
ISL7,WP.GuamL19,T. bidentata,Guam,F,11.4,14.54,13.931,13.931,7538978,2129756,0.282499299,0.007446515,x,,,,,,,,,,,
ISL1,WP.GuamL2,T. bidentata,Guam,F,2.96,14.25,13.461,13.461,5340986,2070827,0.387723727,0.005275481,,,,,,,,,,,,
ISL8,WP.GuamL20,T. bidentata,Guam,F,2,15.35,14.567,14.567,7580990,1890608,0.249388009,0.007488012,x,,,,,,,,,,,
ISL9,WP.GuamL21,T. bidentata,Guam,F,4.84,14.01,13.166,13.166,5802352,1668130,0.287492038,0.005731188,x,,,,,,,,,,,
L2,WP.GuamL22_G,T. guttata,Guam,F,13.9,14.75,13.957,13.957,5717388,2038982,0.356628237,0.005647266,x,,,,,,,,,,,
R36,WP.GuamL23_R,T. tigrina,Guam,F,12.4,17.34,16.605,16.605,6541204,2106178,0.321986289,0.006460979,,,,,,,,,,,,
R41,WP.GuamL24_D,T. digitalis,Guam,F,5.66,14.9,14.323,14.323,5711070,1991763,0.348754787,0.005641026,x,,,,,,,,,,,
R42,WP.GuamL25_R,T. rufopunctata,Guam,F,6.42,15.48,15.323,15.323,5784822,1836089,0.317397666,0.005713873,x,,,,,,,,,,,
ISL10,WP.GuamL3,T. bidentata,Guam,F,6.3,13.28,12.534,12.534,5185548,1802635,0.347626712,0.005121949,,,,,,,,,,,,
ISL11,WP.GuamL4,T. bidentata,Guam,F,2.52,12.92,12.28,12.28,2196128,348400,0.158642848,0.002169193,,,,,,,,,,,,
ISL12,WP.GuamL5,T. bidentata,Guam,F,4.54,12.89,12.02,12.02,3743478,1128072,0.301343296,0.003697566,,,,,,,,,,,,
ISL13,WP.GuamL6,T. bidentata,Guam,F,4.38,13.56,12.749,12.749,4701804,1092706,0.232401436,0.004644138,,,,,,,,,,,,
ISL14,WP.GuamL7,T. bidentata,Guam,F,4.7,14.54,13.889,13.889,6832706,2241673,0.328079827,0.006748905,,,,,,,,,,,,
ISL15,WP.GuamL8,T. bidentata,Guam,F,24.4,14.72,13.97,13.97,7500068,2023702,0.269824487,0.007408082,,,,,,,,,,,,
ISL16,WP.GuamL9,T. bidentata,Guam,F,2.88,14.45,13.572,13.572,6950854,1601620,0.230420607,0.006865604,,,,,,,,,,,,
M15,WP.GuamM1,T. guttata,Guam,F,10.5,14.22,13.668,13.668,5989342,2392364,0.399436866,0.005915885,x,,,,,,,,,,,
ISP1,WP.GuamP1,T. bidentata,Guam,F,16.9,13.39,12.494,12.494,6019326,1645148,0.273310999,0.005945501,,,,,,,,,,,,
P16,WP.GuamP10,T. bidentata,Guam,F,0.934,15.09,14.345,14.345,5840038,2200634,0.376818439,0.005768412,,,,,,,,,,,,
P28,WP.GuamP11_S,T. serenei,Guam,F,1.18,16.96,16.37,16.37,6670544,1794337,0.268994103,0.006588732,,,,,,,,,,,,
P31,WP.GuamP12_R,T. tigrina,Guam,F,2.72,15.28,14.681,14.681,5781118,2007514,0.347253594,0.005710215,,,,,,,,,,,,
P34,WP.GuamP13,T. bidentata,Guam,F,2.2,15.49,14.533,14.533,5422144,1820715,0.335792447,0.005355643,,,,,,,,,,,,
P36,WP.GuamP14,T. bidentata,Guam,F,2.02,16.31,15.39,15.39,5667856,1881174,0.331902222,0.005598342,,,,,,,,,,,,
P37,WP.GuamP15,T. bidentata,Guam,F,5.92,14.62,13.903,13.903,5773722,1697232,0.29395804,0.005702909,,,,,,,,,,,,
P38,WP.GuamP16,T. bidentata,Guam,F,2.82,15.76,14.928,14.928,6241938,1783652,0.285752918,0.006165383,,,,,,,,,,,,
P40,WP.GuamP17,T. bidentata,Guam,F,3.89,15.14,14.321,14.321,5746704,1807576,0.314541344,0.005676223,,,,,,,,,,,,
P43,WP.GuamP18,T. bidentata,Guam,F,2.6,15.16,14.33,14.33,5440714,1272533,0.233890809,0.005373986,,,,,,,,,,,,
P44,WP.GuamP19,T. bidentata,Guam,F,0.254,15.96,15.311,15.311,4543100,1290753,0.28411283,0.004487381,,,,,,,,,,,,
ISP11,WP.GuamP2,T. bidentata,Guam,F,2.24,12.79,12.08,12.08,4089606,1359029,0.332312942,0.004039449,,,,,,,,,,,,
P45,WP.GuamP20,T. bidentata,Guam,F,2.42,16.76,15.987,15.987,5430918,1892792,0.348521557,0.00536431,,,,,,,,,,,,
P49,WP.GuamP21,T. bidentata,Guam,F,2.28,15.49,14.688,14.688,4616142,1181424,0.255933201,0.004559527,,,,,,,,,,,,
P60,WP.GuamP22,T. bidentata,Guam,F,25.8,14.79,14.008,14.008,3816144,1044437,0.273689096,0.00376934,,,,,,,,,,,,
P67,WP.GuamP23,T. bidentata,Guam,F,1.18,14.07,13.248,13.248,3374148,661129,0.195939538,0.003332765,,,,,,,,,,,,
P68,WP.GuamP24,T. bidentata,Guam,F,3.5,13.26,12.604,12.604,3358326,670412,0.199626838,0.003317137,,,,,,,,,,,,
P71,WP.GuamP25,T. bidentata,Guam,F,3.56,13.92,13.109,13.109,4166726,1026363,0.246323612,0.004115623,,,,,,,,,,,,
P74,WP.GuamP26,T. bidentata,Guam,F,0.568,14.02,13.226,13.226,3330472,631197,0.189521786,0.003289625,x,,,,,,,,,,,
P75,WP.GuamP27_Be,T. serenei,Guam,F,0.856,16.7,16.138,16.138,6107690,1937474,0.317218785,0.006032781,,,,,,,,,,,,
R26,WP.GuamP28_R,T. rufopunctata,Guam,F,1.3,17.08,16.769,16.769,5779078,1881535,0.325577021,0.0057082,,,,,,,,,,,,
R44,WP.GuamP29_R,T. rufopunctata,Guam,F,2.68,14.9,14.386,14.386,3563702,1160357,0.325604386,0.003519995,,,,,,,,,,,,
ISP15,WP.GuamP3_F,T. flavopunctata,Guam,F,2.4,14.69,14.375,14.375,4669508,2271583,0.486471594,0.004612238,,,,,,,,,,,,
ISP17,WP.GuamP4_R,T. tigrina,Guam,F,1.78,15.46,15.408,15.408,5793850,2803562,0.483885844,0.005722791,,,,,,,,,,,,
ISP2,WP.GuamP5,T. bidentata,Guam,F,49,12.96,12.157,12.157,5424874,1328032,0.244804211,0.00535834,,,,,,,,,,,,
ISP3,WP.GuamP6,T. bidentata,Guam,F,24.4,12.86,12.231,12.231,4473964,1099592,0.245775782,0.004419092,,,,,,,,,,,,
ISP5,WP.GuamP7,T. bidentata,Guam,F,6.68,12.44,11.823,11.823,1920154,957878,0.498854779,0.001896604,,,,,,,,,,,,
ISP9,WP.GuamP8,T. bidentata,Guam,F,29,11.33,10.665,10.665,898568,201437,0.224175577,0.000887547,,,,,,,,,,,,
P10,WP.GuamP9,T. bidentata,Guam,F,5.46,14.16,13.402,13.402,5928406,1820368,0.307058592,0.005855696,,,,,,,,,,,,
ISU1,WP.GuamU1_Sp,T. speciosa,Guam,F,13.4,8.94,14.865,7.971,6446626,1643129,0.254882011,0.006367561,,,,,,,,,,,,
ISU31,WP.GuamU10,T. bidentata,Guam,F,3.18,15.38,7.971,13.868,246760,44263,0.179376722,0.000243734,,,,,,,,,,,,
ISU32,WP.GuamU11,T. bidentata,Guam,F,8.38,9.22,13.868,13.935,6734738,1858758,0.275995592,0.006652139,,,,,,,,,,,,
ISU33,WP.GuamU12,T. bidentata,Guam,F,9.48,14.53,13.935,12.545,6538344,1657372,0.25348498,0.006458154,,,,,,,,,,,,
ISU34,WP.GuamU13,T. bidentata,Guam,F,16.4,14.86,12.545,15.442,6352960,1441770,0.226944605,0.006275043,,,,,,,,,,,,
ISU35,WP.GuamU14,T. bidentata,Guam,F,7.96,13.15,15.442,15.943,6752384,1728285,0.255951824,0.006669569,,,,,,,,,,,,
ISU36,WP.GuamU15,T. bidentata,Guam,F,3.24,15.91,15.943,14.411,6265780,2206710,0.352184405,0.006188933,,,,,,,,,,,,
ISU37,WP.GuamU16,T. bidentata,Guam,F,10.7,16.12,14.411,14.308,5833720,1379594,0.236486153,0.005762172,,,,,,,,,,,,
ISU38,WP.GuamU17,T. bidentata,Guam,F,10.6,15.25,14.308,7.871,5400302,1146757,0.212350532,0.005334069,,,,,,,,,,,,
ISU4,WP.GuamU18,T. bidentata,Guam,F,18,15.04,7.871,14.865,197576,65588,0.331963396,0.000195153,,,,,,,,,,,,
ISU14,WP.GuamU2,T. bidentata,Guam,F,10.6,8.74,7.821,7.821,265856,30337,0.114110646,0.000262595,,,,,,,,,,,,
ISU15,WP.GuamU3,T. bidentata,Guam,F,13.6,8.12,7.955,7.955,180598,30268,0.167598755,0.000178383,,,,,,,,,,,,
ISU2,WP.GuamU4,T. formosa,Guam,F,6.48,14.13,13.879,13.879,4979484,1101537,0.22121509,0.004918412,,,,,,,,,,,,
ISU27,WP.GuamU5,T. bidentata,Guam,F,2.38,8.01,7.655,7.655,123078,30252,0.245795349,0.000121568,,,,,,,,,,,,
ISU28,WP.GuamU6,T. bidentata,Guam,F,2.82,10.03,9.899,9.899,119936,17457,0.145552628,0.000118465,,,,,,,,,,,,
ISU29,WP.GuamU7,T. bidentata,Guam,F,2.86,7.48,6.877,6.877,146270,26592,0.181800779,0.000144476,,,,,,,,,,,,
ISU3,WP.GuamU8,T. bidentata,Guam,F,0.898,14.64,14.003,14.003,6163638,1502044,0.24369439,0.006088043,,,,,,,,,,,,
ISU30,WP.GuamU9,T. bidentata,Guam,F,4.9,7.75,7.226,7.226,201920,24365,0.120666601,0.000199444,,,,,,,,,,,,
W3,WP.GuamW1_G,T. guttata,Guam,F,66.2,12.13,11.817,11.817,4977518,1530750,0.30753279,0.004916471,,,,,,,,,,,,
R11,EP.P1_R,T. rufopunctata,PACIFIQUE ORIENTAL,M,4.38,15.22,14.825,14.825,6485346,1995652,0.307717121,0.006405806,,,,,,,,,,,, 
R2,I.Aus1_R,T. rufopunctata,Australia,M,7.06,15.63,15.115,15.115,5716260,1717994,0.300545112,0.005646152,,,,,,,,,,,,
FM25,I.Mad1,T. bidentata,Madagascar,M,15.8,15.77,14.3,14.3,7525026,1213343,0.161241038,0.007432734,,,,,,,,,,,,
FM26,I.Mad2,T. bidentata,Madagascar,M,0.762,15.73,14.156,14.156,7768938,1337648,0.172179003,0.007673655,,,,,,,,,,,,
R8,I.May1_R,T. rufopunctata,MAYOTTE,M,5.18,16.03,15.736,15.736,7498722,1811084,0.241519022,0.007406753,,,,,,,,, ,,,
R6,I.May2_R,T. rufopunctata,MAYOTTE,M,2.38,20.37,19.806,19.806,7108292,2192742,0.308476635,0.007021111,,,,,,,, ,,,,
PM5,I.May3,T. bidentata,MAYOTTE,M,1.62,15.42,14.11,14.11,4964402,1070148,0.215564332,0.004903515,,,,,,,,,,, ,
PM7,I.May4,T. bidentata,MAYOTTE,M,14.1,15.81,14.568,14.568,6555012,1859022,0.283603142,0.006474617,,,,,,,,,,, ,
FM51,I.SA1,T. bidentata,Saudi Arabia,M,7.78,15.38,14.145,14.145,6440496,1608576,0.249759646,0.006361506,,,,,,,,,, ,,
FM52,I.SA2,T. bidentata,Saudi Arabia,M,2.02,16.64,15.14,15.14,6106552,1219709,0.199737757,0.006031657,,,,,,,,,, ,,
FM72,I.SA3,T. bidentata,Saudi Arabia,M,2.76,16.06,14.711,14.711,5567324,1826087,0.328000849,0.005499043,,,,,,,,,, ,,
FM73,I.SA4,T. bidentata,Saudi Arabia,M,2.68,14.89,13.119,13.119,4741610,662880,0.139800616,0.004683456,,,,,,,,, ,,,
MUS33,I.SA5,T. bidentata,Saudi Arabia,M,2.56,15.53,13.981,13.981,6436310,1250776,0.194331224,0.006357371,,,,,,,,,, ,,
FM8,WP.AS1,T. bidentata,American Samoa,M,1.74,11.7,10.55,10.55,3163112,356360,0.112661202,0.003124318,,,,,,,,, ,,,
FM9,WP.AS2,T. bidentata,American Samoa,M,3.16,12.8,11.791,11.791,4731308,1004990,0.21241272,0.00467328,,,,,,,,, ,,,
R22,WP.AS3_R,T. rufopunctata,American Samoa,M,5.38,15.46,15.012,15.012,7345274,1697787,0.23114005,0.007255187,,,,,,,,,, ,,
FM3,WP.CNMI1,T. bidentata,Mariana Islands,M,3.5,16.92,15.046,15.046,8912510,724981,0.0813442,0.008803201,,,,,,,,,, ,,
MUS23,WP.FPMarE1,T. bidentata,French Polynesia,M,4.16,16.92,16.076,16.076,6763408,1831059,0.270730229,0.006680457,,,,,,,,,, ,,
MUS28,WP.FPMarFH1,T. bidentata,French Polynesia,M,2.58,15.07,13.976,13.976,6760636,1743430,0.257879584,0.006677719,,,,,,,,,,, ,
R18,WP.FPMarHa1_R,T. rufopunctata,French Polynesia,M,9.66,15.16,14.425,14.836,6332110,1830259,0.289044094,0.006254449,,,,,,,,,,,,
PM2,WP.FPMarHM1,T. bidentata,ARCHIPEL DES MARQUISES,M,7.84,14.82,14.836,13.432,4490498,823884,0.183472746,0.004435424,,,,,,,,,,,,
FM44,WP.FPMarHO1,T. bidentata,French Polynesia,M,10.2,16.27,13.432,13.56,7049388,1303993,0.184979604,0.00696293,,,,,,,,,,,,
FM45,WP.FPMarHO2,T. bidentata,French Polynesia,M,7.1,14.84,13.56,13.832,7553460,1843760,0.244094759,0.00746082,,,,,,,,,,,,
FM46,WP.FPMarHO3,T. bidentata,French Polynesia,M,5.18,14.91,13.832,13.178,6752258,1866878,0.27648203,0.006669444,,,,,,,,,,,,
FM47,WP.FPMarHO4,T. bidentata,French Polynesia,M,2.84,14.91,13.178,13.998,7401290,1352987,0.182804214,0.007310516,,,,,,,,,,,,
FM48,WP.FPMarHO5,T. bidentata,French Polynesia,M,22,14.25,13.998,12.792,6683354,1402163,0.209799301,0.006601385,,,,,,,,,,,,
FM49,WP.FPMarHO6,T. bidentata,French Polynesia,M,2.92,15.25,12.792,13.387,6087456,1904157,0.312800125,0.006012796,,,,,,,,,,,,
FM50,WP.FPMarHO7,T. bidentata,French Polynesia,M,2.02,13.72,13.387,14.763,7165928,737079,0.102858834,0.007078041,,,,,,,,,,,,
R16,WP.FPMarHO8_R,T. rufopunctata,French Polynesia,M,3.32,14.68,14.763,14.425,5901046,1808128,0.30640805,0.005828672,,,,,,,,,,,,
R19,WP.FPMarM1_R,T. rufopunctata,French Polynesia,M,2.28,15.08,14.863,14.863,6385188,2060241,0.322659411,0.006306876,,,,,,,,,,,,
R15,WP.FPMarNH1_R,T. rufopunctata,French Polynesia,M,2.52,15.36,14.974,14.974,5651616,1694305,0.299791246,0.005582301,,,,,,,,,,,,
R1,WP.FPMarT1_R,T. rufopunctata,French Polynesia,M,2.44,16.76,16.409,16.409,6132846,1730128,0.282108502,0.006057629,,,,,,,,,,,,
MUS32,WP.FPMarUH1,T. bidentata,French Polynesia,M,2.2,15.05,14.204,14.204,6100882,1745012,0.286026184,0.006026057,,,,,,,,,,,,
FM28,WP.FPMo1,T. bidentata,French Polynesia,M,2.26,16.83,15.593,15.593,7496678,1467937,0.195811665,0.007404734,,,,,,,,,,,,
MUS11,WP.FPMo10,T. bidentata,French Polynesia,M,2.96,16,15.216,15.216,7640190,1558238,0.203952781,0.007546486,,,,,,,,,,,,
MUS12,WP.FPMo11,T. bidentata,French Polynesia,M,2.6,16.49,15.219,15.219,8033506,1508055,0.187720654,0.007934978,,,,,,,,,,,,
MUS13,WP.FPMo12,T. bidentata,French Polynesia,M,2.62,16.28,14.88,14.88,6823748,1415880,0.207493008,0.006740057,,,,,,,,,,,,
MUS14,WP.FPMo13,T. bidentata,French Polynesia,M,0.23,16.49,15.343,15.343,7099142,1174681,0.165468024,0.007012074,,,,,,,,,,,,
MUS15,WP.FPMo14,T. bidentata,French Polynesia,M,9.34,16.93,15.456,15.456,7467356,1190714,0.159455904,0.007375772,,,,,,,,,,,,
MUS18,WP.FPMo15,T. bidentata,French Polynesia,M,1.02,15.65,14.531,14.531,6999956,1288586,0.184084871,0.006914104,,,,,,,,,,,,
MUS19,WP.FPMo16,T. bidentata,French Polynesia,M,0.646,15.36,14.351,14.351,6458092,1367821,0.211799553,0.006378886,,,,,,,,,,,,
MUS2,WP.FPMo17,T. bidentata,French Polynesia,M,19.7,17.77,16.278,16.278,6409964,1408872,0.219794058,0.006331348,,,,,,,,,,,,
MUS20,WP.FPMo18,T. bidentata,French Polynesia,M,2.24,15.32,14.264,14.264,6313942,1558381,0.246815856,0.006236504,,,,,,,,,,,,
MUS3,WP.FPMo19,T. punctimanus,French Polynesia,M,1.26,15.93,14.744,14.744,6650722,1708753,0.256927443,0.006569153,,,,,,,,,,,,
FM29,WP.FPMo2,T. bidentata,French Polynesia,M,3.2,17.08,15.798,15.798,8538614,1125906,0.13186051,0.008433891,,,,,,,,,,,,
MUS4,WP.FPMo20,T. bidentata,French Polynesia,M,2.2,12.03,11.195,11.195,202984,91509,0.450818784,0.000200494,,,,,,,,,,,,
MUS5,WP.FPMo21,T. punctimanus,French Polynesia,M,53.2,15.93,15.051,15.051,5875234,1557357,0.265071485,0.005803176,x,,,,,,,,,,,
MUS6,WP.FPMo22,T. punctimanus,French Polynesia,M,9.8,16.26,15.515,15.515,6122126,1483209,0.242270251,0.00604704,,,,,,,,,,,,
MUS7,WP.FPMo23,T. bidentata,French Polynesia,M,17.8,14.62,13.803,13.803,7121398,1292533,0.181499897,0.007034057,,,,,,,,,,,,
MUS8,WP.FPMo24,T. bidentata,French Polynesia,M,29.2,16.18,15.231,15.231,6520354,1583185,0.242806602,0.006440384,,,,,,,,,,,,
MUS9,WP.FPMo25,T. bidentata,French Polynesia,M,21.8,17.18,16.589,16.589,6415860,1845212,0.287601662,0.006337172,,,,,,,,,,,,
R3,WP.FPMo26_R,T. rufopunctata,French Polynesia,M,2.06,14.17,13.864,13.864,6820916,2455355,0.359974379,0.00673726,,,,,,,,,,,,
FM31,WP.FPMo3,T. bidentata,French Polynesia,M,2.76,17.46,15.756,15.756,8218962,1259947,0.153297582,0.008118159,,,,,,,,,,,,
FM91,WP.FPMo4,T. bidentata,French Polynesia,M,37.4,15.16,14.261,14.261,5201878,1205735,0.231788404,0.005138079,,,,,,,,,,,,
FM92,WP.FPMo5,T. bidentata,French Polynesia,M,5.38,16.29,14.828,14.828,5368386,606138,0.112908796,0.005302545,,,,,,,,,,,,
FM93,WP.FPMo6,T. bidentata,French Polynesia,M,5.46,15.17,13.87,13.87,5026264,555736,0.110566417,0.004964619,,,,,,,,,,,,
FM94,WP.FPMo7,T. bidentata,French Polynesia,M,20.6,14.61,13.78,13.78,4083880,741896,0.181664496,0.004033793,,,,,,,,,,,,
MUS1,WP.FPMo8,T. bidentata,French Polynesia,M,6.78,16.64,15.192,15.192,6463562,1339630,0.207258784,0.006384289,,,,,,,,,,,,
MUS10,WP.FPMo9,T. bidentata,French Polynesia,M,6.78,15.96,15.095,15.095,6337226,1694396,0.267371875,0.006259502,,,,,,,,,,,,
FM10,WP.FPTuFA1,T. bidentata,French Polynesia,M,8.76,14.86,13.467,13.467,7876636,943685,0.119808126,0.007780032,,,,,,,,,,,,
FM11,WP.FPTuFA2,T. bidentata,French Polynesia,M,2.56,14.99,13.829,13.829,7992592,1317939,0.164895068,0.007894566,,,,,,,,,,,,
FM38,WP.FPTuMA1,T. bidentata,French Polynesia,M,2.32,14.38,13.366,13.366,6088980,1016944,0.167013851,0.006014301,,,,,,,,,,,,
FM39,WP.FPTuMA2,T. bidentata,French Polynesia,M,4.64,14.36,13.352,13.352,7375084,1390695,0.188566666,0.007284631,,,,,,,,,,,,
FM2,WP.GuamA1,T. bidentata,Mariana Islands,M,55.4,16.04,14.71,14.71,7918972,1047703,0.132302905,0.007821849,,,,,,,,,,,,
FM32,WP.GuamA2,T. bidentata,Mariana Islands,M,42.6,15.92,14.771,14.771,7071474,1552653,0.21956568,0.006984745,,,,,,,,,,,,
FM23,WP.GuamT1,T. bidentata,Mariana Islands,M,3.92,13.79,12.996,12.996,5026612,734691,0.146160277,0.004964962,,,,,,,,,,,,
FM24,WP.GuamT2,T. bidentata,Mariana Islands,M,3.74,15.6,14.586,14.586,6383788,1574553,0.246648698,0.006305493,,,,,,,,,,,,
R17,WP.Jap1_R,T. rufopunctata,Japan,M,21,20.52,20.594,20.594,5792878,1645398,0.28403809,0.005721831,,,,,,,,,,,,
FM58,WP.KirLM1,T. bidentata,Kiribati,M,2.7,16.23,15.629,15.629,6349832,1872810,0.294938512,0.006271954,,,,,,,,,,,,
FM59,WP.KirLM2_L,T. lutea,Kiribati,M,1.3,15.32,14.95,14.95,5905964,2225847,0.376881234,0.00583353,x,,,,,,,,,,,
FM61,WP.KirLM3,T. tigrina,Kiribati,M,12.9,17.37,17.157,17.157,7938400,1862659,0.234639096,0.007841038,,,,,,,,,,,,
FM65,WP.KirLM4,T. bidentata,Kiribati,M,6.44,15.9,15.197,15.197,7354624,1599628,0.21749963,0.007264422,,,,,,,,,,,,
FM54,WP.KirLMi1,T. bidentata,Kiribati,M,2.08,16.25,15.746,15.746,7327754,1747678,0.238501183,0.007237882,,,,,,,,,,,,
FM67,WP.KirLMi2,T. bidentata,Kiribati,M,0.564,15.57,14.923,14.923,7021554,1413164,0.20126086,0.006935437,,,,,,,,,,,,
FM80,WP.KirPK1,T. bidentata,Kiribati,M,4.12,17.06,16.407,16.407,7158668,1077267,0.15048428,0.00707087,,,,,,,,,,,,
FM85,WP.KirPN1,T. lutea,Kiribati,M,3.7,16.01,15.97,15.97,6174160,2104940,0.340927349,0.006098436,,,,,,,,,,,,
FM16,WP.LineP1,T. bidentata,USA,M,11.4,14.99,14.348,14.348,7157406,1334683,0.186475799,0.007069623,,,,,,,,,,,,
FM20,WP.LineP2,T. bidentata,USA,M,4.24,17.76,17.285,17.285,7772232,1336780,0.171994351,0.007676908,,,,,,,,,,,,
FM75,WP.Marsh1,T. bidentata,Republic of the Marshall Islands,M,15,14.79,14.289,14.289,6959350,1221006,0.175448282,0.006873996,,,,,,,,,,,,
FM21,WP.MasR1,T. bidentata,Mascarene Islands,M,16.5,15.95,15.479,15.479,7986690,1002794,0.125558147,0.007888736,,,,,,,,,,,,
FM22,WP.MasR2,T. bidentata,Mascarene Islands,M,2.72,15.37,15.013,15.013,6934726,1209067,0.174349643,0.006849674,,,,,,,,,,,,
R20,WP.NC1_R,T. rufopunctata,New Caledonia,M,4.4,15.32,15.337,15.337,7066470,1842146,0.260688293,0.006979802,,,,,,,,,,,,
PM8,WP.PNG1,T. bidentata,PAPUA NEW GUINEA,M,7.96,15.16,15.014,15.014,6635154,1847231,0.278400622,0.006553776,,,,,,,,,,,,
PM9,WP.PNG2_C,T. cymodoce,PAPUA NEW GUINEA,M,12.7,15.76,15.629,15.629,5917674,1577136,0.266512822,0.005845096,,,,,,,,,,,,
R4,WP.Tai1_R,T. rufopunctata,Taiwan,M,2.14,19.54,19.597,19.597,6883756,2465041,0.358095348,0.006799329,,,,,,,,,,,,
FM4,WP.Wake1,T. bidentata,Wake Island,M,0.712,15.29,15.314,15.314,1885532,707595,0.375276049,0.001862407,,,,,,,,,,,,
FM5,WP.Wake2,T. bidentata,Wake Island,M,15.5,16.32,16.384,16.384,3740478,1327062,0.354784068,0.003694602,,,,,,,,,,,,